{
    "UserAgent": "aws-amplify-cli/0.1.0",
    "Version": "1.0",
    "IdentityManager": {
        "Default": {}
    },
    "CredentialsProvider": {
        "CognitoIdentity": {
            "Default": {
                "PoolId": "ap-south-1:5e0c0e5a-1483-410e-8091-aded929873de",
                "Region": "ap-south-1"
            }
        }
    },
    "CognitoUserPool": {
        "Default": {
            "PoolId": "ap-south-1_oh19ESx2b",
            "AppClientId": "27almec82vm5qeiiikmiparn41",
            "AppClientSecret": "qpnjf7ufb36rd144710jdljtm24nh0liifbc9m3fj7pdhfuesbs",
            "Region": "ap-south-1"
        }
    },
    "AppSync": {
        "Default": {
            "ApiUrl": "https://mu7on5ei2bckxdhedhttvu6fti.appsync-api.ap-south-1.amazonaws.com/graphql",
            "Region": "ap-south-1",
            "AuthMode": "AMAZON_COGNITO_USER_POOLS"
        }
    }
}