{
    "identityPoolName": "cognitoa5c811e4_identitypool_a5c811e4",
    "allowUnauthenticatedIdentities": false,
    "thirdPartyAuth": false,
    "lambdaLogPolicy": "cognitoa5c811e4_lambda_log_policy",
    "openIdLambdaRoleName": "cognitoa5c811e4_openid_lambda_role",
    "openIdRolePolicy": "cognitoa5c811e4_openid_pass_role_policy",
    "openIdLambdaIAMPolicy": "cognitoa5c811e4_openid_lambda_iam_policy",
    "openIdLogPolicy": "cognitoa5c811e4_openid_lambda_log_policy",
    "userPoolName": "cognitoa5c811e4_userpool_a5c811e4",
    "autoVerifiedAttributes": [
        "email"
    ],
    "mfaConfiguration": "OFF",
    "mfaTypes": [
        "SMS Text Message"
    ],
    "roleName": "cognitoa5c811e4_sns-role",
    "roleExternalId": "cognitoa5c811e4_role_external_id",
    "policyName": "cognitoa5c811e4-sns-policy",
    "smsAuthenticationMessage": "Your authentication code is {####}",
    "smsVerificationMessage": "Your verification code is {####}",
    "emailVerificationSubject": "Your verification code",
    "emailVerificationMessage": "Your verification code is {####}",
    "defaultPasswordPolicy": false,
    "passwordPolicyMinLength": 8,
    "passwordPolicyCharacters": [
        "Requires Lowercase",
        "Requires Uppercase",
        "Requires Numbers",
        "Requires Symbols"
    ],
    "requiredAttributes": [
        "email"
    ],
    "userpoolClientName": "cognitoa5c811e4_app_client",
    "userpoolClientGenerateSecret": true,
    "userpoolClientRefreshTokenValidity": 30,
    "userpoolClientReadAttributes": [
        "email"
    ],
    "mfaLambdaRole": "cognitoa5c811e4_totp_lambda_role",
    "mfaLambdaLogPolicy": "cognitoa5c811e4_totp_lambda_log_policy",
    "mfaPassRolePolicy": "cognitoa5c811e4_totp_pass_role_policy",
    "mfaLambdaIAMPolicy": "cognitoa5c811e4_totp_lambda_iam_policy",
    "userpoolClientLambdaRole": "cognitoa5c811e4_userpoolclient_lambda_role",
    "userpoolClientLogPolicy": "cognitoa5c811e4_userpoolclient_lambda_log_policy",
    "userpoolClientLambdaPolicy": "cognitoa5c811e4_userpoolclient_lambda_iam_policy",
    "userpoolClientSetAttributes": false,
    "useDefault": "default",
    "resourceName": "cognitoa5c811e4",
    "authSelections": "identityPoolAndUserPool",
    "authRoleName": {
        "Ref": "AuthRoleName"
    },
    "unauthRoleName": {
        "Ref": "UnauthRoleName"
    },
    "authRoleArn": {
        "Fn::GetAtt": [
            "AuthRole",
            "Arn"
        ]
    },
    "unauthRoleArn": {
        "Fn::GetAtt": [
            "UnauthRole",
            "Arn"
        ]
    }
}