{
	"providers": {
		"awscloudformation": {
			"AuthRoleName": "printgo-20190512173656-authRole",
			"UnauthRoleArn": "arn:aws:iam::598615634026:role/printgo-20190512173656-unauthRole",
			"AuthRoleArn": "arn:aws:iam::598615634026:role/printgo-20190512173656-authRole",
			"Region": "ap-south-1",
			"DeploymentBucketName": "printgo-20190512173656-deployment",
			"UnauthRoleName": "printgo-20190512173656-unauthRole",
			"StackName": "printgo-20190512173656",
			"StackId": "arn:aws:cloudformation:ap-south-1:598615634026:stack/printgo-20190512173656/702d0180-74ae-11e9-b4fc-0af78aa5c40c"
		}
	},
	"auth": {
		"cognitoa5c811e4": {
			"service": "Cognito",
			"providerPlugin": "awscloudformation",
			"providerMetadata": {
				"s3TemplateURL": "https://s3.amazonaws.com/printgo-20190512173656-deployment/amplify-cfn-templates/auth/cognitoa5c811e4-cloudformation-template.yml",
				"logicalId": "authcognitoa5c811e4"
			},
			"lastPushTimeStamp": "2019-05-12T16:41:26.277Z",
			"output": {
				"AppClientSecret": "qpnjf7ufb36rd144710jdljtm24nh0liifbc9m3fj7pdhfuesbs",
				"UserPoolId": "ap-south-1_oh19ESx2b",
				"AppClientIDWeb": "1ui9hkhpas1b3b4gtfbbca621q",
				"AppClientID": "27almec82vm5qeiiikmiparn41",
				"IdentityPoolId": "ap-south-1:5e0c0e5a-1483-410e-8091-aded929873de",
				"IdentityPoolName": "cognitoa5c811e4_identitypool_a5c811e4__android",
				"UserPoolName": "cognitoa5c811e4_userpool_a5c811e4"
			},
			"lastPushDirHash": "t9pPZM3MxA7Llz0WxktvA3w14ME="
		}
	},
	"api": {
		"printgo": {
			"service": "AppSync",
			"providerPlugin": "awscloudformation",
			"output": {
				"securityType": "AMAZON_COGNITO_USER_POOLS",
				"GraphQLAPIIdOutput": "4l75eug34bbh3eyggrbwniwryy",
				"GraphQLAPIEndpointOutput": "https://mu7on5ei2bckxdhedhttvu6fti.appsync-api.ap-south-1.amazonaws.com/graphql",
				"GraphQLAPIKeyOutput": "da2-j7kgp3d2y5hmfjn4r7wnlz7yze",
				"AuthCognitoUserPoolIdOutput": "ap-south-1_oh19ESx2b",
				"AuthCognitoUserPoolNativeClientId": "See UserPool: ap-south-1_oh19ESx2b",
				"AuthCognitoUserPoolJSClientId": "See UserPool: ap-south-1_oh19ESx2b"
			},
			"providerMetadata": {
				"s3TemplateURL": "https://s3.amazonaws.com/printgo-20190512173656-deployment/amplify-cfn-templates/api/cloudformation-template.json",
				"logicalId": "apiprintgo"
			},
			"lastPushTimeStamp": "2019-05-12T16:41:26.282Z",
			"lastPushDirHash": "F7RhQOJAt03dlSCoDDmdTmtctRg="
		}
	},
	"storage": {
		"s35d283557": {
			"service": "S3",
			"providerPlugin": "awscloudformation",
			"providerMetadata": {
				"s3TemplateURL": "https://s3.amazonaws.com/printgo-20190512173656-deployment/amplify-cfn-templates/storage/s3-cloudformation-template.json",
				"logicalId": "storages35d283557"
			},
			"lastPushTimeStamp": "2019-05-12T16:41:26.292Z",
			"output": {
				"BucketName": "amityfileupload-windows-android",
				"Region": "ap-south-1"
			},
			"lastPushDirHash": "UbofSck3QVAm4tdLfCrs8TA/9fg="
		}
	}
}